Title,Link,Classifications,IMDb Rating,Budget,Gross US & Canada,Opening Weekend US & Canada,Opening Weekend Date,Gross Worldwide,Runtime,Color,Sound mix,Aspect ratio,
The Shawshank Redemption,https://www.imdb.com/title/tt0111161/?ref_=chttp_t_1,R,9.3,25000000,28767189,727327,9/25/1994,29330423,2 hours 22 minutes,,Dolby Digital,1.85 : 1,
The Godfather,https://www.imdb.com/title/tt0068646/?ref_=chttp_t_2,R,9.2,6000000,136381073,302393,3/19/1972,250342030,2 hours 55 minutes,Color,Mono,1.85 : 1,
The Dark Knight,https://www.imdb.com/title/tt0468569/?ref_=chttp_t_3,PG-13,9.0,185000000,534987076,158411483,7/20/2008,1008524647,2 hours 32 minutes,Color,Dolby Digital,2.39 : 1,
The Godfather Part II,https://www.imdb.com/title/tt0071562/?ref_=chttp_t_4,R,9.0,13000000,47834595,171417,11/10/2019,47962897,3 hours 22 minutes,Color,Dolby Digital,1.85 : 1,
12 Angry Men,https://www.imdb.com/title/tt0050083/?ref_=chttp_t_5,Approved,9.0,350000,,,,2667,1 hours 36 minutes,Black and White,Mono,1.85 : 1,
Schindler's List,https://www.imdb.com/title/tt0108052/?ref_=chttp_t_6,R,9.0,22000000,96898818,656636,12/19/1993,322161245,3 hours 15 minutes,Black and White,DTS,1.85 : 1,
The Lord of the Rings: The Return of the King,https://www.imdb.com/title/tt0167260/?ref_=chttp_t_7,PG-13,9.0,94000000,381722353,72629713,12/21/2003,1151301082,3 hours 21 minutes,Color,DTS-ES,2.39 : 1,
Pulp Fiction,https://www.imdb.com/title/tt0110912/?ref_=chttp_t_8,R,8.9,8000000,107928762,9311882,10/16/1994,213928762,2 hours 34 minutes,Color,Dolby Digital,2.39 : 1,
The Lord of the Rings: The Fellowship of the Ring,https://www.imdb.com/title/tt0120737/?ref_=chttp_t_9,PG-13,8.9,93000000,319205075,47211490,12/23/2001,887266300,2 hours 58 minutes,Color,DTS,2.39 : 1,
The Good the Bad and the Ugly,https://www.imdb.com/title/tt0060196/?ref_=chttp_t_10,R,8.8,1200000,25100000,,,25259657,2 hours 58 minutes,Color,Mono,2.35 : 1
Forrest Gump,https://www.imdb.com/title/tt0109830/?ref_=chttp_t_11,PG-13,8.8,55000000,330455270,24450602,7/10/1994,678226465,2 hours 22 minutes,Color,Dolby SR,2.39 : 1,
The Lord of the Rings: The Two Towers,https://www.imdb.com/title/tt0167261/?ref_=chttp_t_12,PG-13,8.8,94000000,345372040,62007528,12/22/2002,951403754,2 hours 59 minutes,Color,DTS-ES,2.39 : 1,
Fight Club,https://www.imdb.com/title/tt0137523/?ref_=chttp_t_13,R,8.8,63000000,37030102,11035485,10/17/1999,101320107,2 hours 19 minutes,Color,Dolby Digital,2.39 : 1,
Inception,https://www.imdb.com/title/tt1375666/?ref_=chttp_t_14,PG-13,8.8,160000000,292587330,62785337,7/18/2010,839030630,2 hours 28 minutes,Color,Dolby Digital,2.39 : 1,
Star Wars: Episode V - The Empire Strikes Back,https://www.imdb.com/title/tt0080684/?ref_=chttp_t_15,PG,8.7,18000000,292753960,4910483,5/25/1980,538375067,2 hours 4 minutes,Color,,2.39 : 1,
The Matrix,https://www.imdb.com/title/tt0133093/?ref_=chttp_t_16,R,8.7,63000000,172076928,27788331,4/4/1999,467684461,2 hours 16 minutes,Color,Dolby Digital,2.39 : 1,
Goodfellas,https://www.imdb.com/title/tt0099685/?ref_=chttp_t_17,R,8.7,25000000,46909721,6368901,9/23/1990,47049784,2 hours 25 minutes,Color,Dolby SR,1.85 : 1,
One Flew Over the Cuckoo's Nest,https://www.imdb.com/title/tt0073486/?ref_=chttp_t_18,R,8.7,3000000,108981275,,,109115366,2 hours 13 minutes,Color,Mono,1.85 : 1,
Se7en,https://www.imdb.com/title/tt0114369/?ref_=chttp_t_19,R,8.6,33000000,100125643,13949807,9/24/1995,327333559,2 hours 7 minutes,Color,DTS,2.39 : 1,
Interstellar,https://www.imdb.com/title/tt0816692/?ref_=chttp_t_20,PG-13,8.7,165000000,188020017,47510360,11/9/2014,705191242,2 hours 49 minutes,Color,Datasat,2.39 : 1,
It's a Wonderful Life,https://www.imdb.com/title/tt0038650/?ref_=chttp_t_21,PG,8.6,3180000,1483643,44000,12/20/2020,9767242,2 hours 10 minutes,Black and White,,1.37 : 1,
Seven Samurai,https://www.imdb.com/title/tt0047478/?ref_=chttp_t_22,Not Rated,8.6,786750,318649,15942,07/28/2002,346258,3 hours 27 minutes,Black and White,Mono,1.37 : 1,
The Silence of the Lambs,https://www.imdb.com/title/tt0102926/?ref_=chttp_t_23,R,8.6,19000000,130742922,13766814,2/18/1991,272742922,1 hours 58 minutes,Color,Dolby SR,1.85 : 1,
Saving Private Ryan,https://www.imdb.com/title/tt0120815/?ref_=chttp_t_24,R,8.6,70000000,217049603,20576104,07/26/1998,482351251,2 hours 49 minutes,Color,DTS,1.85 : 1,
City of God,https://www.imdb.com/title/tt0317248/?ref_=chttp_t_25,R,8.6,3300000,7564459,88292,1/19/2003,30680793,2 hours 10 minutes,Color,Dolby Digital,1.85 : 1,
Life Is Beautiful,https://www.imdb.com/title/tt0118799/?ref_=chttp_t_26,PG-13,8.6,20000000,57563264,118920,10/25/1998,230099013,1 hours 56 minutes,Color,Dolby Digital,1.85 : 1,
The Green Mile,https://www.imdb.com/title/tt0120689/?ref_=chttp_t_27,R,8.6,60000000,136801374,18017152,12/12/1999,286801374,3 hours 9 minutes,Color,DTS,1.85 : 1,
Terminator 2: Judgment Day,https://www.imdb.com/title/tt0103064/?ref_=chttp_t_28,R,8.6,102000000,205881154,31765506,7/7/1991,520881154,2 hours 17 minutes,,,2.39 : 1,
Star Wars: Episode IV - A New Hope,https://www.imdb.com/title/tt0076759/?ref_=chttp_t_29,PG,8.6,11000000,460998507,1554475,5/30/1977,775398507,2 hours 1 minute,,Dolby Atmos,2.35 : 1,
Back to the Future,https://www.imdb.com/title/tt0088763/?ref_=chttp_t_30,PG,8.5,19000000,214077472,11152500,7/7/1985,384577472,1 hours 56 minutes,Color,Dolby Digital,,
Spirited Away,https://www.imdb.com/title/tt0245429/?ref_=chttp_t_31,PG,8.6,19000000,15205725,449839,9/22/2002,357561772,2 hours 5 minutes,Color,DTS-ES,1.85 : 1,
Dune: Part Two,https://www.imdb.com/title/tt15239678/?ref_=chttp_t_32,PG-13,8.6,190000000,282144358,82505391,3/3/2024,711844358,2 hours 46 minutes,Color,Dolby Surround 7.1,,
The Pianist,https://www.imdb.com/title/tt0253474/?ref_=chttp_t_33,R,8.5,35000000,32590750,111261,12/29/2002,120098945,2 hours 30 minutes,Color,DTS,1.85 : 1,
Parasite,https://www.imdb.com/title/tt6751668/?ref_=chttp_t_34,R,8.5,11400000,53369749,393216,10/13/2019,262099264,2 hours 12 minutes,Color,Dolby Atmos,2.39 : 1,
Psycho,https://www.imdb.com/title/tt0054215/?ref_=chttp_t_35,R,8.5,806947,32000000,,,32061457,1 hours 49 minutes,Black and White,Dolby Digital,1.37 : 1,
Gladiator,https://www.imdb.com/title/tt0172495/?ref_=chttp_t_36,R,8.5,103000000,187705427,34819017,5/7/2000,465387186,2 hours 35 minutes,Color,SDDS,2.39 : 1,
Spider-Man: Across the Spider-Verse,https://www.imdb.com/title/tt9362722/?ref_=chttp_t_37,PG,8.6,150000000,381593754,120663589,6/4/2023,690897910,2 hours 20 minutes,,Dolby Atmos,2.39 : 1,
The Lion King,https://www.imdb.com/title/tt0110357/?ref_=chttp_t_38,G,8.5,45000000,422783777,1586753,6/19/1994,968750709,1 hours 28 minutes,Color,Dolby Stereo,,
The Departed,https://www.imdb.com/title/tt0407887/?ref_=chttp_t_39,R,8.5,90000000,132399394,26887467,10/8/2006,291481358,2 hours 31 minutes,Color,Dolby Digital,2.39 : 1,
LÃ©on: The Professional,https://www.imdb.com/title/tt0110413/?ref_=chttp_t_40,R,8.5,115000000,19501238,5306558,11/20/1994,20275438,1 hours 50 minutes,Color,Dolby Digital,2.39 : 1,
American History X,https://www.imdb.com/title/tt0120586/?ref_=chttp_t_41,R,8.5,20000000,6719864,156076,11/1/1998,23875714,1 hours 59 minutes,Color,Dolby Digital,1.85 : 1,
Whiplash,https://www.imdb.com/title/tt2582802/?ref_=chttp_t_42,R,8.5,3300000,13092000,135388,10/12/2014,49449489,1 hours 46 minutes,Color,Dolby Digital,2.39 : 1,
The Prestige,https://www.imdb.com/title/tt0482571/?ref_=chttp_t_43,PG-13,8.5,40000000,53089891,14801808,10/22/2006,109676311,2 hours 10 minutes,Color,SDDS,2.39 : 1,
Grave of the Fireflies,https://www.imdb.com/title/tt0095327/?ref_=chttp_t_44,Not Rated,8.5,3700000,516962,158421,08/12/2018,519421,1 hours 29 minutes,Color,Dolby Strereo,1.85 : 1,
Harakiri,https://www.imdb.com/title/tt0056058/?ref_=chttp_t_45,Not Rated,8.6,,,,,15222,2 hours 13 minutes,Black and White,Mono,2.35 : 1,
The Usual Suspects,https://www.imdb.com/title/tt0114814/?ref_=chttp_t_46,R,8.5,6000000,23341568,645363,8/20/1995,23341568,1 hours 46 minutes,,Dolby SR,2.39 : 1,
Casablanca,https://www.imdb.com/title/tt0034583/?ref_=chttp_t_47,PG,8.5,950000,4219709,181494,4/12/1992,4663702,1 hours 42 minutes,Black and White,,1.37 : 1,
The Intouchables,https://www.imdb.com/title/tt1675434/?ref_=chttp_t_48,R,8.5,9500000,10198820,103507,5/27/2012,426590315,1 hours 52 minutes,Color,Dolby Digital,1.85 : 1,
Cinema Paradiso,https://www.imdb.com/title/tt0095765/?ref_=chttp_t_49,PG,8.5,5000000,12397210,16552,2/4/1990,13020497,2 hours 54 minutes,Color,Mono,1.66 : 1,
Modern Times,https://www.imdb.com/title/tt0027977/?ref_=chttp_t_50,G,8.5,1500000,163577,35809,12/28/2003,463618,1 hours 27 minutes,Black and White,Silent,1.37 : 1,
Rear Window,https://www.imdb.com/title/tt0047396/?ref_=chttp_t_51,PG,8.5,1000000,36764313,,,37042335,1 hours 52 minutes,Color,,1.37 : 1,
Once Upon a Time in the West,https://www.imdb.com/title/tt0064116/?ref_=chttp_t_52,PG-13,8.5,5000000,5321508,,,5435312,2 hours 46 minutes,,Mono,2.35 : 1,
Alien,https://www.imdb.com/title/tt0078748/?ref_=chttp_t_53,R,8.5,11000000,84206106,3527881,5/28/1979,108591169,1 hours 57 minutes,Color,,2.39 : 1,
City Lights,https://www.imdb.com/title/tt0021749/?ref_=chttp_t_54,G,8.5,1500000,19181,9102,7/8/2007,50419,1 hours 27 minutes,Black and White,Silent,,
Django Unchained,https://www.imdb.com/title/tt1853728/?ref_=chttp_t_55,R,8.5,100000000,162805434,30122888,12/30/2012,426076293,2 hours 45 minutes,Color,SDDS,2.39 : 1,
Apocalypse Now,https://www.imdb.com/title/tt0078788/?ref_=chttp_t_56,R,8.4,31500000,96042913,118558,8/19/1979,104920499,2 hours 27 minutes,Color,,2.39 : 1,
Memento,https://www.imdb.com/title/tt0209144/?ref_=chttp_t_57,R,8.4,9000000,25544867,235488,3/18/2001,40047236,1 hours 53 minutes,Color,Dolby Digital,2.39 : 1,
WALLÂ·E,https://www.imdb.com/title/tt0910970/?ref_=chttp_t_58,G,8.4,180000000,223808164,63087526,6/29/2008,527402840,1 hours 38 minutes,Color,DTS,2.39 : 1,
12th Fail,https://www.imdb.com/title/tt23849204/?ref_=chttp_t_59,,8.9,,,,,138288,2 hours 27 minutes,Color,Dolby Atmos,2.39 : 1,
Raiders of the Lost Ark,https://www.imdb.com/title/tt0082971/?ref_=chttp_t_60,PG,8.4,18000000,248159971,8305823,6/14/1981,389925971,1 hours 55 minutes,Color,Dolby Atmos,2.39 : 1,
The Lives of Others,https://www.imdb.com/title/tt0405094/?ref_=chttp_t_61,R,8.4,2000000,11286112,223000,2/11/2007,77357476,2 hours 17 minutes,Color,Dolby Digital,2.39 : 1,
Sunset Boulevard,https://www.imdb.com/title/tt0043014/?ref_=chttp_t_62,Approved,8.4,1752000,299645,169067,5/13/2018,304474,1 hours 50 minutes,Black and White,,1.37 : 1,
Avengers: Infinity War,https://www.imdb.com/title/tt4154756/?ref_=chttp_t_63,PG-13,8.4,321000000,678815482,257698183,4/29/2018,2052415039,2 hours 29 minutes,,IMAX 6-Track,,
Paths of Glory,https://www.imdb.com/title/tt0050825/?ref_=chttp_t_64,Approved,8.4,935000,,,,8290,1 hours 28 minutes,Black and White,Mono,,
Spider-Man: Into the Spider-Verse,https://www.imdb.com/title/tt4633694/?ref_=chttp_t_65,PG,8.4,90000000,190241310,35363376,12/16/2018,384298736,1 hours 57 minutes,Color,Dolby Atmos,2.39 : 1,
Witness for the Prosecution,https://www.imdb.com/title/tt0051201/?ref_=chttp_t_66,Approved,8.4,3000000,,,,7903,1 hours 56 minutes,Black and White,,1.66 : 1,
The Shining,https://www.imdb.com/title/tt0081505/?ref_=chttp_t_67,R,8.4,19000000,45634352,622337,5/26/1980,47516353,2 hours 26 minutes,Color,Mono,,
The Great Dictator,https://www.imdb.com/title/tt0032553/?ref_=chttp_t_68,G,8.4,2000000,,,,972212,2 hours 5 minutes,Black and White,,1.37 : 1,
Aliens,https://www.imdb.com/title/tt0090605/?ref_=chttp_t_69,R,8.4,18500000,85160248,10052042,7/20/1986,131060248,2 hours 17 minutes,Color,Dolby Stereo,1.85 : 1,
Inglourious Basterds,https://www.imdb.com/title/tt0361748/?ref_=chttp_t_70,R,8.4,70000000,120540719,38054676,8/23/2009,321458605,2 hours 33 minutes,Color,SDDS,2.39 : 1,
The Dark Knight Rises,https://www.imdb.com/title/tt1345836/?ref_=chttp_t_71,PG-13,8.4,250000000,448149584,160887295,7/22/2012,1085289416,2 hours 44 minutes,Color,SDDS,1.78 : 1,
Coco,https://www.imdb.com/title/tt2380307/?ref_=chttp_t_72,PG,8.4,175000000,210460015,50802605,11/26/2017,828369186,1 hours 45 minutes,Color,Dolby Atmos,2.35 : 1,
Dr. Strangelove or: How I Learned to Stop Worrying and Love the Bomb,https://www.imdb.com/title/tt0057012/?ref_=chttp_t_73,PG,8.3,1800000,9440272,11751,7/17/1994,9631984,1 hours 35 minutes,Black and White,Dolby Digital,,
Oldboy,https://www.imdb.com/title/tt0364569/?ref_=chttp_t_74,R,8.3,3000000,2458200,68957,3/27/2005,17542965,2 hours,Color,Dolby Digital,2.35 : 1,
Amadeus,https://www.imdb.com/title/tt0086879/?ref_=chttp_t_75,PG,8.4,18000000,51973029,505276,09/23/1984,52071304,2 hours 40 minutes,Color,,2.39 : 1,
American Beauty,https://www.imdb.com/title/tt0169547/?ref_=chttp_t_76,R,8.3,15000000,130096601,861531,9/19/1999,356296601,2 hours 2 minutes,Color,DTS,2.39 : 1,
Toy Story,https://www.imdb.com/title/tt0114709/?ref_=chttp_t_77,G,8.3,30000000,223225679,29140617,11/26/1995,394436586,1 hours 21 minutes,,Dolby Stereo,1.78 : 1,
Avengers: Endgame,https://www.imdb.com/title/tt4154796/?ref_=chttp_t_78,PG-13,8.4,356000000,858373000,357115007,4/28/2019,2799439100,3 hours 1 minute,,Dolby Atmos,,
Das Boot,https://www.imdb.com/title/tt0082096/?ref_=chttp_t_79,,8.4,32000000,11487676,26994,2/14/1982,11488778,2 hours 29 minutes,Color,Dolby Stereo,,
Braveheart,https://www.imdb.com/title/tt0112573/?ref_=chttp_t_80,R,8.3,72000000,75609945,9938276,5/28/1995,213216216,2 hours 58 minutes,Color,DTS,2.39 : 1,
Good Will Hunting,https://www.imdb.com/title/tt0119217/?ref_=chttp_t_81,R,8.3,10000000,138433435,272912,12/7/1997,225933435,2 hours 6 minutes,Color,Dolby Digital,1.85 : 1,
Princess Mononoke,https://www.imdb.com/title/tt0119698/?ref_=chttp_t_82,PG-13,8.3,15103200,4845631,144446,10/31/1999,170308860,2 hours 14 minutes,,,,
Joker,https://www.imdb.com/title/tt7286456/?ref_=chttp_t_83,R,8.4,55000000,335477657,96202337,10/6/2019,1078958629,2 hours 2 minutes,Color,SDDS,1.85 : 1,
Your Name.,https://www.imdb.com/title/tt5311514/?ref_=chttp_t_84,,8.4,2328040,5017246,1813781,4/9/2017,382238191,,,,,
High and Low,https://www.imdb.com/title/tt0057565/?ref_=chttp_t_85,Not Rated,8.4,,46808,15942,7/28/2002,46808,2 hours 23 minutes,Black and White,,2.35 : 1,
Once Upon a Time in America,https://www.imdb.com/title/tt0087843/?ref_=chttp_t_86,R,8.3,30000000,5321508,2412014,6/3/1984,5475086,3 hours 49 minutes,Color,Mono,1.85 : 1,
3 Idiots,https://www.imdb.com/title/tt1187043/?ref_=chttp_t_87,PG-13,8.4,550000000,6532874,1645502,12/27/2009,60262836,2 hours 50 minutes,Color,Dolby Digital,2.35 : 1,
Singin' in the Rain,https://www.imdb.com/title/tt0045152/?ref_=chttp_t_88,G,8.3,2540800,1884537,13643,11/10/2002,2086028,1 hours 43 minutes,Color,Dolby Digital,1.37 : 1,
Capernaum,https://www.imdb.com/title/tt8267604/?ref_=chttp_t_89,R,8.4,4000000,1661096,24988,12/16/2018,64417003,2 hours 6 minutes,Color,Dolby Digital,2.35 : 1,
Come and See,https://www.imdb.com/title/tt0091251/?ref_=chttp_t_90,Not Rated,8.4,,71909,16053,2/23/2020,20929648,2 hours 22 minutes,Color,Mono,1.37 : 1,
Requiem for a Dream,https://www.imdb.com/title/tt0180093/?ref_=chttp_t_91,NC-17,8.3,4500000,3635482,64770,10/8/2000,7390108,1 hours 42 minutes,Color,Dolby Surround 7.1,1.85 : 1,
Toy Story 3,https://www.imdb.com/title/tt0435761/?ref_=chttp_t_92,G,8.3,200000000,415004880,110307189,6/20/2010,1067316101,1 hours 43 minutes,Color,SDDS,1.78 : 1,
Star Wars: Episode VI - Return of the Jedi,https://www.imdb.com/title/tt0086190/?ref_=chttp_t_93,PG,8.3,32500000,316566101,23019618,5/29/1983,475106177,2 hours 11 minutes,Color,Dolby Stereo,2.39 : 1,
Eternal Sunshine of the Spotless Mind,https://www.imdb.com/title/tt0338013/?ref_=chttp_t_94,R,8.3,20000000,34400301,8175198,3/21/2004,73393152,1 hours 48 minutes,Color,DTS,1.85 : 1,
The Hunt,https://www.imdb.com/title/tt2106476/?ref_=chttp_t_95,R,8.3,20000000,613308,43045,7/14/2013,15886373,1 hours 55 minutes,Color,Dolby Digital,2.35 : 1,
2001: A Space Odyssey,https://www.imdb.com/title/tt0062622/?ref_=chttp_t_96,G,8.3,12000000,60481243,202759,5/20/2018,66704509,2 hours 29 minutes,Color,Dolby Digital,2.20 : 1,
Reservoir Dogs,https://www.imdb.com/title/tt0105236/?ref_=chttp_t_97,R,8.3,1200000,2832029,147839,10/25/1992,2930208,1 hours 39 minutes,Color,Dolby Stereo,2.35 : 1,
Ikiru,https://www.imdb.com/title/tt0044741/?ref_=chttp_t_98,Not Rated,8.3,,60239,2149,12/29/2002,96302,2 hours 23 minutes,Black and White,Mono,1.37 : 1,
Oppenheimer,https://www.imdb.com/title/tt15398776/?ref_=chttp_t_99,R,8.3,100000000,329862540,82455420,7/23/2023,975134850,3 hours,Color,IMAX 6-Track,,
Lawrence of Arabia,https://www.imdb.com/title/tt0056172/?ref_=chttp_t_100,PG,8.3,15000000,45306425,20846,9/22/2002,45752380,3 hours 38 minutes,Color,Dolby Atmos,,
The Apartment,https://www.imdb.com/title/tt0053604/?ref_=chttp_t_101,Approved,8.3,3000000,18600000,,,18778738,2 hours 5 minutes,Black and White,,2.35 : 1,
Incendies,https://www.imdb.com/title/tt1255953/?ref_=chttp_t_102,R,8.3,6800000,2071334,50679,4/24/2011,6797861,2 hours 11 minutes,Color,Dolby Digital,1.85 : 1,
North by Northwest,https://www.imdb.com/title/tt0053125/?ref_=chttp_t_103,Approved,8.3,3101000,66728,,,151076,2 hours 16 minutes,,Dolby SR,1.50 : 1,
Citizen Kane,https://www.imdb.com/title/tt0033467/?ref_=chttp_t_104,PG,8.3,839727,1627530,,,1703358,1 hours 59 minutes,Black and White,,1.37 : 1,
M,https://www.imdb.com/title/tt0022100/?ref_=chttp_t_105,Passed,8.3,,35566,6123,3/17/2013,35566,1 hours 39 minutes,Black and White,Mono,1.19 : 1,
Scarface,https://www.imdb.com/title/tt0086250/?ref_=chttp_t_106,R,8.3,50000000,45967303,4597536,12/11/1983,66443303,2 hours 50 minutes,Color,4-Track Stereo,2.39 : 1,
Double Indemnity,https://www.imdb.com/title/tt0036775/?ref_=chttp_t_107,Approved,8.3,927262,,,,19477,1 hours 47 minutes,Black and White,,1.33 : 1,
Vertigo,https://www.imdb.com/title/tt0052357/?ref_=chttp_t_108,PG,8.3,2479000,7705225,252880,3/18/2018,7808250,2 hours 8 minutes,Color,,1.85 : 1,
Full Metal Jacket,https://www.imdb.com/title/tt0093058/?ref_=chttp_t_109,R,8.3,30000000,46357676,2217307,6/28/1987,50187505,1 hours 56 minutes,Color,Mono,,
AmÃ©lie,https://www.imdb.com/title/tt0211915/?ref_=chttp_t_110,R,8.3,10000000,33712444,136470,11/4/2001,174926751,2 hours 2 minutes,Color,DTS,2.39 : 1,
Heat,https://www.imdb.com/title/tt0113277/?ref_=chttp_t_111,R,8.3,60000000,67436818,8445656,12/17/1995,187436818,2 hours 50 minutes,Color,Dolby Digital,2.39 : 1,
Up,https://www.imdb.com/title/tt1049413/?ref_=chttp_t_112,PG,8.3,175000000,293004164,68108790,5/31/2009,735102136,1 hours 36 minutes,Color,SDDS,1.85 : 1,
A Clockwork Orange,https://www.imdb.com/title/tt0066921/?ref_=chttp_t_113,R,8.3,2200000,26617553,,,27033812,2 hours 16 minutes,Color,Mono,1.66 : 1,
To Kill a Mockingbird,https://www.imdb.com/title/tt0056592/?ref_=chttp_t_114,Approved,8.3,2000000,592237,357549,3/24/2019,599146,2 hours 9 minutes,Black and White,Dolby Digital,1.85 : 1,
A Separation,https://www.imdb.com/title/tt1832382/?ref_=chttp_t_115,PG-13,8.3,500000,7099055,59481,1/1/2012,22926076,2 hours 3 minutes,Color,Dolby Digital,1.85 : 1,
The Sting,https://www.imdb.com/title/tt0070735/?ref_=chttp_t_116,PG,8.3,5500000,156000000,,,156000000,2 hours 9 minutes,Color,,1.85 : 1,
Indiana Jones and the Last Crusade,https://www.imdb.com/title/tt0097576/?ref_=chttp_t_117,PG-13,8.2,48000000,197171806,29355021,5/28/1989,474171806,2 hours 7 minutes,Color,Dolby Atmos,2.39 : 1,
Die Hard,https://www.imdb.com/title/tt0095016/?ref_=chttp_t_118,R,8.2,28000000,85892546,601851,7/17/1988,143651650,2 hours 12 minutes,Color,,2.39 : 1,
Like Stars on Earth,https://www.imdb.com/title/tt0986264/?ref_=chttp_t_119,PG,8.3,,1223869,352568,12/23/2007,21897373,2 hours 42 minutes,Color,DTS,2.35 : 1,
Metropolis,https://www.imdb.com/title/tt0017136/?ref_=chttp_t_120,Not Rated,8.3,6000000,1236166,19386,7/14/2002,1350322,2 hours 33 minutes,,Silent,1.33 : 1,
Snatch,https://www.imdb.com/title/tt0208092/?ref_=chttp_t_121,R,8.2,6000000,30328156,27932,12/10/2000,83557872,1 hours 42 minutes,Color,Dolby Digital,1.85 : 1,
1917,https://www.imdb.com/title/tt8579674/?ref_=chttp_t_122,R,8.2,95000000,159227644,576216,12/29/2019,390411425,1 hours 59 minutes,Color,Dolby Atmos,2.39 : 1,
L.A. Confidential,https://www.imdb.com/title/tt0119488/?ref_=chttp_t_123,R,8.2,35000000,64616940,5211198,9/21/1997,126216940,2 hours 18 minutes,Color,Dolby Digital,2.39 : 1,
Hamilton,https://www.imdb.com/title/tt8503618/?ref_=chttp_t_124,PG-13,8.3,,,,,,2 hours 40 minutes,Color,Dolby Atmos,1.85 : 1,
Bicycle Thieves,https://www.imdb.com/title/tt0040522/?ref_=chttp_t_125,Not Rated,8.3,133000,371111,25377,10/4/1998,450159,1 hours 29 minutes,Black and White,Mono,1.37 : 1,
Taxi Driver,https://www.imdb.com/title/tt0075314/?ref_=chttp_t_126,R,8.2,1300000,28262574,116458,2/19/1996,28579636,1 hours 54 minutes,,Mono,1.85 : 1,
Downfall,https://www.imdb.com/title/tt0363163/?ref_=chttp_t_127,R,8.2,13500000,5509040,18195,2/20/2005,92181574,2 hours 36 minutes,Color,Dolby Digital,1.85 : 1,
Dangal,https://www.imdb.com/title/tt5074352/?ref_=chttp_t_128,Not Rated,8.3,700000000,12391761,3248481,12/25/2016,303723636,2 hours 41 minutes,Color,Dolby Atmos,2.35 : 1,
For a Few Dollars More,https://www.imdb.com/title/tt0059578/?ref_=chttp_t_129,R,8.2,600000,15000000,,,15000000,2 hours 12 minutes,Color,Mono,2.35 : 1,
Batman Begins,https://www.imdb.com/title/tt0372784/?ref_=chttp_t_130,PG-13,8.2,150000000,206863479,48745440,6/19/2005,375325692,2 hours 20 minutes,Color,DTS,2.39 : 1,
The Wolf of Wall Street,https://www.imdb.com/title/tt0993846/?ref_=chttp_t_131,R,8.2,100000000,116900694,18361578,12/29/2013,407039432,3 hours,Color,Datasat,2.39 : 1,
Some Like It Hot,https://www.imdb.com/title/tt0053291/?ref_=chttp_t_132,Approved,8.2,2883848,,,,200714,2 hours 1 minute,Black and White,,1.85 : 1,
Green Book,https://www.imdb.com/title/tt6966692/?ref_=chttp_t_133,PG-13,8.2,23000000,85080171,320429,11/18/2018,321752656,2 hours 10 minutes,Color,Dolby Surround 7.1,2.00 : 1,
The Kid,https://www.imdb.com/title/tt0012349/?ref_=chttp_t_134,Passed,8.2,250000,,,,41979,1 hours 8 minutes,,Silent,1.33 : 1,
The Father,https://www.imdb.com/title/tt10272386/?ref_=chttp_t_135,PG-13,8.2,6000000,2122771,,,24048935,1 hours 37 minutes,Color,Dolby Digital,2.39 : 1,
Judgment at Nuremberg,https://www.imdb.com/title/tt0055031/?ref_=chttp_t_136,Approved,8.3,3000000,,,,12180,2 hours 59 minutes,Black and White,,1.85 : 1,
The Truman Show,https://www.imdb.com/title/tt0120382/?ref_=chttp_t_137,PG,8.2,60000000,125618201,31542121,6/7/1998,264118712,1 hours 43 minutes,Color,DTS,1.66 : 1,
All About Eve,https://www.imdb.com/title/tt0042192/?ref_=chttp_t_138,Approved,8.2,1400000,63463,10177,10/8/2000,154501,2 hours 18 minutes,Black and White,,1.37 : 1,
Shutter Island,https://www.imdb.com/title/tt1130884/?ref_=chttp_t_139,R,8.2,80000000,128012934,41062440,2/21/2010,294937186,2 hours 18 minutes,Color,SDDS,2.39 : 1,
Top Gun: Maverick,https://www.imdb.com/title/tt1745960/?ref_=chttp_t_140,PG-13,8.2,170000000,718732821,126707459,5/29/2022,1495696292,2 hours 10 minutes,Color,Dolby Atmos,2.39 : 1,
There Will Be Blood,https://www.imdb.com/title/tt0469494/?ref_=chttp_t_141,R,8.2,25000000,40222514,190739,12/30/2007,76186224,2 hours 38 minutes,Color,SDDS,2.39 : 1,
Casino,https://www.imdb.com/title/tt0112641/?ref_=chttp_t_142,R,8.2,52000000,42512375,9946480,11/26/1995,116112375,2 hours 58 minutes,Color,DTS-Stereo,2.39 : 1,
Jurassic Park,https://www.imdb.com/title/tt0107290/?ref_=chttp_t_143,PG-13,8.2,63000000,407185075,47026828,6/13/1993,1103086582,2 hours 7 minutes,Color,DTS,1.85 : 1,
Ran,https://www.imdb.com/title/tt0089881/?ref_=chttp_t_144,R,8.2,11500000,4135750,3567,7/2/2000,4166319,2 hours 40 minutes,Color,,1.85 : 1,
The Sixth Sense,https://www.imdb.com/title/tt0167404/?ref_=chttp_t_145,PG-13,8.2,40000000,293506292,26681262,8/8/1999,672806432,1 hours 47 minutes,Color,DTS,1.85 : 1,
Pan's Labyrinth,https://www.imdb.com/title/tt0457430/?ref_=chttp_t_146,R,8.2,19000000,37646380,568641,12/31/2006,83863565,1 hours 58 minutes,Color,DTS,1.85 : 1,
Unforgiven,https://www.imdb.com/title/tt0105695/?ref_=chttp_t_147,R,8.2,14400000,101167799,15018007,8/9/1992,159167799,2 hours 10 minutes,Color,,2.39 : 1,
No Country for Old Men,https://www.imdb.com/title/tt0477348/?ref_=chttp_t_148,R,8.2,25000000,74283625,1202000,11/11/2007,171632777,2 hours 2 minutes,Color,SDDS,2.39 : 1,
A Beautiful Mind,https://www.imdb.com/title/tt0268978/?ref_=chttp_t_149,PG-13,8.2,58000000,170742341,367151,12/23/2001,316791257,2 hours 15 minutes,Color,DTS,1.85 : 1,
The Thing,https://www.imdb.com/title/tt0084787/?ref_=chttp_t_150,R,8.2,15000000,19857465,3107897,6/27/1982,19872469,1 hours 49 minutes,Color,,2.39 : 1,
Kill Bill: Vol. 1,https://www.imdb.com/title/tt0266697/?ref_=chttp_t_151,R,8.2,30000000,70099045,22200000,10/12/2003,180908413,1 hours 51 minutes,Color,DTS,2.39 : 1,
The Treasure of the Sierra Madre,https://www.imdb.com/title/tt0040897/?ref_=chttp_t_152,Approved,8.2,3000000,5014000,144074,1/14/2018,5014000,2 hours 6 minutes,Black and White,,1.37 : 1,
Yojimbo,https://www.imdb.com/title/tt0055630/?ref_=chttp_t_153,Not Rated,8.2,,46808,15942,7/28/2002,46808,1 hours 50 minutes,Black and White,,2.35 : 1,
Monty Python and the Holy Grail,https://www.imdb.com/title/tt0071853/?ref_=chttp_t_154,PG,8.2,229575,2562392,45487,6/17/2001,2817496,1 hours 31 minutes,,Mono,1.85 : 1,
The Great Escape,https://www.imdb.com/title/tt0057115/?ref_=chttp_t_155,Approved,8.2,4000000,,,,230637,2 hours 52 minutes,Color,,2.35 : 1,
Finding Nemo,https://www.imdb.com/title/tt0266543/?ref_=chttp_t_156,G,8.2,94000000,380843261,70251710,6/1/2003,941637960,1 hours 40 minutes,Color,Dolby Digital,,
Prisoners,https://www.imdb.com/title/tt1392214/?ref_=chttp_t_157,R,8.2,46000000,61002302,20817053,9/22/2013,122127446,2 hours 33 minutes,,SDDS,1.85 : 1,
Howl's Moving Castle,https://www.imdb.com/title/tt0347149/?ref_=chttp_t_158,PG,8.2,24000000,6789268,427987,6/12/2005,237731798,1 hours 59 minutes,Color,Dolby Digital EX,1.85 : 1,
Rashomon,https://www.imdb.com/title/tt0042876/?ref_=chttp_t_159,Not Rated,8.2,250000,46808,15942,7/28/2002,117668,1 hours 28 minutes,Black and White,,1.37 : 1,
The Elephant Man,https://www.imdb.com/title/tt0080678/?ref_=chttp_t_160,PG,8.2,5000000,26010864,,,26028672,2 hours 4 minutes,Black and White,Dolby Stereo,2.35 : 1,
Dial M for Murder,https://www.imdb.com/title/tt0046912/?ref_=chttp_t_161,PG,8.2,1400000,24845,12562,4/11/1999,43308,1 hours 45 minutes,Color,,1.66 : 1,
Chinatown,https://www.imdb.com/title/tt0071315/?ref_=chttp_t_162,R,8.1,6000000,29200000,,,29231506,2 hours 10 minutes,,Mono,2.35 : 1,
Gone with the Wind,https://www.imdb.com/title/tt0031381/?ref_=chttp_t_163,G,8.2,3977000,200882193,1192593,6/28/1998,402382193,3 hours 58 minutes,,Magnaphone Western Electric,1.33 : 1,
Lock Stock and Two Smoking Barrels,https://www.imdb.com/title/tt0120735/?ref_=chttp_t_164,R,8.1,960000,3753929,143321,3/7/1999,3753929,1 hours 47 minutes,Color,Dolby Digital,1.85 : 1
V for Vendetta,https://www.imdb.com/title/tt0434409/?ref_=chttp_t_165,R,8.2,54000000,70511035,25642340,3/19/2006,134686457,2 hours 12 minutes,Color,DTS,2.35 : 1,
The Secret in Their Eyes,https://www.imdb.com/title/tt1305806/?ref_=chttp_t_166,R,8.2,2000000,6391436,167866,4/18/2010,35079650,2 hours 9 minutes,Color,Dolby Digital,2.35 : 1,
Inside Out,https://www.imdb.com/title/tt2096673/?ref_=chttp_t_167,PG,8.1,175000000,356921711,90440272,6/21/2015,858852998,1 hours 35 minutes,Color,Dolby Digital,1.78 : 1,
Raging Bull,https://www.imdb.com/title/tt0081398/?ref_=chttp_t_168,R,8.1,18000000,23383987,128590,11/16/1980,23405198,2 hours 9 minutes,Black and White,Dolby Stereo,1.85 : 1,
Three Billboards Outside Ebbing Missouri,https://www.imdb.com/title/tt5027774/?ref_=chttp_t_169,R,8.1,15000000,54513740,322168,11/12/2017,162729321,1 hours 55 minutes,Color,Dolby Digital,2.35 : 1
Trainspotting,https://www.imdb.com/title/tt0117951/?ref_=chttp_t_170,R,8.1,1500000,16491080,262673,7/21/1996,16970564,1 hours 33 minutes,Color,Dolby SR,1.85 : 1,
The Bridge on the River Kwai,https://www.imdb.com/title/tt0050212/?ref_=chttp_t_171,PG,8.1,3000000,27200000,,,27200463,2 hours 41 minutes,,Dolby Atmos,2.55 : 1,
Klaus,https://www.imdb.com/title/tt4729430/?ref_=chttp_t_172,PG,8.2,40000000,,,,,1 hours 36 minutes,Color,Dolby Atmos,1.85 : 1,
Fargo,https://www.imdb.com/title/tt0116282/?ref_=chttp_t_173,R,8.1,7000000,24611975,730265,3/10/1996,60611975,1 hours 38 minutes,Color,Dolby SR,1.85 : 1,
Catch Me If You Can,https://www.imdb.com/title/tt0264464/?ref_=chttp_t_174,PG-13,8.1,52000000,164615351,30053627,12/29/2002,352114312,2 hours 21 minutes,Color,DTS,1.85 : 1,
Spider-Man: No Way Home,https://www.imdb.com/title/tt10872600/?ref_=chttp_t_175,PG-13,8.2,200000000,814866759,260138569,12/19/2021,1922598800,2 hours 28 minutes,Color,Dolby Atmos,,
Warrior,https://www.imdb.com/title/tt1291584/?ref_=chttp_t_176,PG-13,8.1,25000000,13657115,5242107,9/11/2011,23308615,2 hours 20 minutes,Color,Dolby Digital,2.35 : 1,
Gran Torino,https://www.imdb.com/title/tt1205489/?ref_=chttp_t_177,R,8.1,33000000,148095302,271720,12/14/2008,269958228,1 hours 56 minutes,Color,DTS,2.39 : 1,
Harry Potter and the Deathly Hallows: Part 2,https://www.imdb.com/title/tt1201607/?ref_=chttp_t_178,PG-13,8.1,125000000,381447587,169189427,7/17/2011,1342480797,2 hours 10 minutes,Color,Dolby Digital,2.39 : 1,
Million Dollar Baby,https://www.imdb.com/title/tt0405159/?ref_=chttp_t_179,PG-13,8.1,30000000,100492203,179953,12/19/2004,216763646,2 hours 12 minutes,Color,DTS,2.39 : 1,
My Neighbor Totoro,https://www.imdb.com/title/tt0096283/?ref_=chttp_t_180,G,8.1,3700000,2250213,539245,9/30/2018,30695952,1 hours 26 minutes,Color,Dolby Stereo,,
Children of Heaven,https://www.imdb.com/title/tt0118849/?ref_=chttp_t_181,PG,8.2,180000,933933,20100,1/24/1999,933933,1 hours 29 minutes,Color,Mono,1.85 : 1,
12 Years a Slave,https://www.imdb.com/title/tt2024544/?ref_=chttp_t_182,R,8.1,20000000,56671993,923715,10/20/2013,187734091,2 hours 14 minutes,Color,Dolby Digital,2.35 : 1,
Ben-Hur,https://www.imdb.com/title/tt0052618/?ref_=chttp_t_183,G,8.1,15000000,74432704,241792,4/14/2019,74439292,3 hours 32 minutes,Color,,2.75 : 1,
Blade Runner,https://www.imdb.com/title/tt0083658/?ref_=chttp_t_184,R,8.1,28000000,32914489,6150002,6/27/1982,41757237,1 hours 57 minutes,Color,Dolby Atmos,2.39 : 1,
Before Sunrise,https://www.imdb.com/title/tt0112471/?ref_=chttp_t_185,R,8.1,2500000,5535405,1423537,1/29/1995,5993086,1 hours 41 minutes,,Dolby SR,1.85 : 1,
Barry Lyndon,https://www.imdb.com/title/tt0072684/?ref_=chttp_t_186,PG,8.1,11000000,,,,260131,3 hours 5 minutes,,Mono,1.66 : 1,
The Grand Budapest Hotel,https://www.imdb.com/title/tt2278388/?ref_=chttp_t_187,R,8.1,25000000,59301324,811166,3/9/2014,174567384,1 hours 39 minutes,Color,SDDS,,
Mad Max: Fury Road,https://www.imdb.com/title/tt1392190/?ref_=chttp_t_188,R,8.1,150000000,154280290,45428128,5/17/2015,380418444,2 hours,Color,Dolby Digital,2.39 : 1,
Gone Girl,https://www.imdb.com/title/tt2267998/?ref_=chttp_t_189,R,8.1,61000000,167767189,37513109,10/5/2014,370890259,2 hours 29 minutes,Color,Dolby Digital,2.39 : 1,
Hacksaw Ridge,https://www.imdb.com/title/tt2119532/?ref_=chttp_t_190,R,8.1,40000000,67209615,15190758,11/6/2016,180563636,2 hours 19 minutes,Color,Dolby Atmos,2.35 : 1,
Dead Poets Society,https://www.imdb.com/title/tt0097165/?ref_=chttp_t_191,PG,8.1,16400000,95860116,340456,6/4/1989,235860116,2 hours 8 minutes,Color,,1.85 : 1,
The Gold Rush,https://www.imdb.com/title/tt0015864/?ref_=chttp_t_192,Approved,8.1,923000,,,,31490,1 hours 35 minutes,Black and White,Silent,1.33 : 1,
Memories of Murder,https://www.imdb.com/title/tt0353969/?ref_=chttp_t_193,Not Rated,8.1,2800000,15357,4487,7/17/2005,1208481,2 hours 12 minutes,Color,Dolby Digital,1.85 : 1,
In the Name of the Father,https://www.imdb.com/title/tt0107207/?ref_=chttp_t_194,R,8.1,13000000,25096862,109805,1/2/1994,65796862,2 hours 13 minutes,Color,Dolby Stereo,1.85 : 1,
Wild Tales,https://www.imdb.com/title/tt3011894/?ref_=chttp_t_195,R,8.1,3300000,3106530,85100,2/22/2015,31478893,2 hours 2 minutes,Color,Dolby Surround 7.1,2.35 : 1,
Monsters Inc.,https://www.imdb.com/title/tt0198781/?ref_=chttp_t_196,G,8.1,115000000,290642256,62577067,11/4/2001,579723768,1 hours 32 minutes,Color,SDDS,1.85 : 1
The Deer Hunter,https://www.imdb.com/title/tt0077416/?ref_=chttp_t_197,R,8.1,15000000,48979328,,,49080126,3 hours 3 minutes,Color,,2.39 : 1,
The General,https://www.imdb.com/title/tt0017925/?ref_=chttp_t_198,Passed,8.1,750000,,,,612,1 hours 18 minutes,,Silent,1.33 : 1,
On the Waterfront,https://www.imdb.com/title/tt0047296/?ref_=chttp_t_199,Approved,8.1,910000,,,,3350,1 hours 48 minutes,Black and White,,1.33 : 1,
Sherlock Jr.,https://www.imdb.com/title/tt0015324/?ref_=chttp_t_200,Passed,8.2,,,,,399,45 minutes,Black and White,Silent,1.33 : 1,
How to Train Your Dragon,https://www.imdb.com/title/tt0892769/?ref_=chttp_t_201,PG,8.1,165000000,217581231,43732319,3/28/2010,494879860,1 hours 38 minutes,Color,Dolby Digital,2.39 : 1,
Jaws,https://www.imdb.com/title/tt0073195/?ref_=chttp_t_202,PG,8.1,7000000,266567580,7061513,6/22/1975,477220580,2 hours 4 minutes,Color,,2.39 : 1,
Mary and Max,https://www.imdb.com/title/tt0978762/?ref_=chttp_t_203,Not Rated,8.1,8240000,,,,1740625,1 hours 32 minutes,Color,Dolby Digital,1.85 : 1,
The Wages of Fear,https://www.imdb.com/title/tt0046268/?ref_=chttp_t_204,Not Rated,8.1,,,,,1098,2 hours 11 minutes,Black and White,,1.33 : 1,
The Third Man,https://www.imdb.com/title/tt0041959/?ref_=chttp_t_205,Approved,8.1,,1067364,13576,5/9/1999,1233079,1 hours 33 minutes,Black and White,,1.37 : 1,
Ratatouille,https://www.imdb.com/title/tt0382932/?ref_=chttp_t_206,G,8.1,150000000,206445654,47027395,7/1/2007,623728318,1 hours 51 minutes,Color,SDDS,2.39 : 1,
Wild Strawberries,https://www.imdb.com/title/tt0050986/?ref_=chttp_t_207,Not Rated,8.1,,,,,60418,1 hours 31 minutes,Black and White,Mono,1.33 : 1,
Mr. Smith Goes to Washington,https://www.imdb.com/title/tt0031679/?ref_=chttp_t_208,Approved,8.1,1900000,144738,83205,10/14/2018,145941,2 hours 9 minutes,Black and White,,1.37 : 1,
Ford v Ferrari,https://www.imdb.com/title/tt1950186/?ref_=chttp_t_209,PG-13,8.1,,,,,,,,,,
Tokyo Story,https://www.imdb.com/title/tt0046438/?ref_=chttp_t_210,Not Rated,8.1,,,,,89004,2 hours 16 minutes,Black and White,Mono,1.37 : 1,
The Big Lebowski,https://www.imdb.com/title/tt0118715/?ref_=chttp_t_211,R,8.1,15000000,19301403,5533844,3/8/1998,48066229,1 hours 57 minutes,Color,DTS,1.85 : 1,
Rocky,https://www.imdb.com/title/tt0075148/?ref_=chttp_t_212,PG,8.1,960000,117235147,,,117253184,2 hours,Color,Mono,1.85 : 1,
The Seventh Seal,https://www.imdb.com/title/tt0050976/?ref_=chttp_t_213,Not Rated,8.1,150000,,,,311212,1 hours 36 minutes,Black and White,,1.37 : 1,
Room,https://www.imdb.com/title/tt3170832/?ref_=chttp_t_214,R,8.1,13000000,14677654,118298,10/18/2015,35402766,1 hours 58 minutes,Color,Dolby Digital,2.35 : 1,
Logan,https://www.imdb.com/title/tt3315342/?ref_=chttp_t_215,R,8.1,97000000,226277068,88411916,3/5/2017,619180476,2 hours 17 minutes,Color,Dolby Atmos,2.39 : 1,
Spotlight,https://www.imdb.com/title/tt1895587/?ref_=chttp_t_216,R,8.1,20000000,45055776,295009,11/08/2015,98690254,2 hours 9 minutes,Color,Dolby Digital,1.85 : 1,
Hotel Rwanda,https://www.imdb.com/title/tt0395169/?ref_=chttp_t_217,PG-13,8.1,17500000,23530892,100091,12/26/2004,33882243,2 hours 1 minute,Color,DTS,2.35 : 1,
The Terminator,https://www.imdb.com/title/tt0088247/?ref_=chttp_t_218,R,8.1,6400000,38371200,4020663,10/28/1984,78371200,1 hours 47 minutes,Color,Mono,1.85 : 1,
Platoon,https://www.imdb.com/title/tt0091763/?ref_=chttp_t_219,R,8.1,6000000,138530565,241080,12/21/1986,138545632,2 hours,Color,Dolby Stereo,1.85 : 1,
The Passion of Joan of Arc,https://www.imdb.com/title/tt0019254/?ref_=chttp_t_220,Passed,8.1,,21877,6408,11/26/2017,22731,1 hours 54 minutes,Black and White,Silent,1.33 : 1,
La haine,https://www.imdb.com/title/tt0113247/?ref_=chttp_t_221,Not Rated,8.1,2590000,280859,,,749334,1 hours 38 minutes,Black and White,Dolby Digital,1.85 : 1,
Before Sunset,https://www.imdb.com/title/tt0381681/?ref_=chttp_t_222,R,8.1,2700000,5820649,219425,7/4/2004,15855022,1 hours 20 minutes,Color,DTS,1.85 : 1,
Pirates of the Caribbean: The Curse of the Black Pearl,https://www.imdb.com/title/tt0325980/?ref_=chttp_t_223,PG-13,8.1,140000000,305413918,46630690,7/13/2003,654264546,2 hours 23 minutes,Color,Dolby Digital EX,2.39 : 1,
The Best Years of Our Lives,https://www.imdb.com/title/tt0036868/?ref_=chttp_t_224,Approved,8.1,2100000,23650000,,,23661347,2 hours 50 minutes,Black and White,,1.37 : 1,
Jai Bhim,https://www.imdb.com/title/tt15097216/?ref_=chttp_t_225,Approved,8.7,,,,,,2 hours 44 minutes,Color,,2.39 : 1,
The Exorcist,https://www.imdb.com/title/tt0070047/?ref_=chttp_t_226,R,8.1,11000000,233005644,8175666,9/24/2000,441306145,2 hours 2 minutes,Color,Mono,1.85 : 1,
Rush,https://www.imdb.com/title/tt1979320/?ref_=chttp_t_227,R,8.1,38000000,26947624,187289,9/22/2013,96992516,2 hours 3 minutes,Color,Dolby Digital,2.35 : 1,
Network,https://www.imdb.com/title/tt0074958/?ref_=chttp_t_228,R,8.1,3800000,23689877,,,23692346,2 hours 1 minute,Color,Mono,1.85 : 1,
The Wizard of Oz,https://www.imdb.com/title/tt0032138/?ref_=chttp_t_229,G,8.1,2777000,24668669,5354311,11/8/1998,25637669,1 hours 42 minutes,,,1.37 : 1,
Stand by Me,https://www.imdb.com/title/tt0092005/?ref_=chttp_t_230,R,8.1,8000000,52287414,242795,8/10/1986,52290509,1 hours 29 minutes,Color,Dolby Atmos,1.85 : 1,
The Incredibles,https://www.imdb.com/title/tt0317705/?ref_=chttp_t_231,PG,8.0,92000000,261441092,70467623,11/7/2004,631688498,1 hours 55 minutes,Black and White,Dolby Digital EX,2.39 : 1,
Hachi: A Dog's Tale,https://www.imdb.com/title/tt1028532/?ref_=chttp_t_232,G,8.1,16000000,,,,46749646,1 hours 33 minutes,Color,DTS,1.85 : 1,
My Father and My Son,https://www.imdb.com/title/tt0476735/?ref_=chttp_t_233,Not Rated,8.2,,,,,18612999,1 hours 52 minutes,Color,Dolby Digital,1.85 : 1,
The Handmaiden ,https://www.imdb.com/title/tt4016934/?ref_=chttp_t_234,Not Rated,8.1,7203000,2006788,92129,10/23/2016,37863670,2 hours 25 minutes,Color,Dolby Digital,2.35 : 1,
The Sound of Music,https://www.imdb.com/title/tt0059742/?ref_=chttp_t_235,G,8.1,8200000,159287539,413497,9/9/2018,159475084,2 hours 52 minutes,Color,,2.20 : 1,
Into the Wild,https://www.imdb.com/title/tt0758758/?ref_=chttp_t_236,R,8.1,15000000,18354356,212440,9/23/2007,56676733,2 hours 28 minutes,Color,DTS,2.39 : 1,
To Be or Not to Be,https://www.imdb.com/title/tt0035446/?ref_=chttp_t_237,Approved,8.1,,3270000,,,4578000,1 hours 39 minutes,Black and White,,1.37 : 1,
The Battle of Algiers,https://www.imdb.com/title/tt0058946/?ref_=chttp_t_238,Not Rated,8.1,800000,879794,64870,1/11/2004,962002,2 hours 1 minute,Black and White,Mono,1.85 : 1,
The Grapes of Wrath,https://www.imdb.com/title/tt0032551/?ref_=chttp_t_239,Approved,8.1,800000,,,,7304,2 hours 9 minutes,Black and White,,1.37 : 1,
Groundhog Day,https://www.imdb.com/title/tt0107048/?ref_=chttp_t_240,PG,8.0,14600000,71107962,12517672,2/14/1993,71108778,1 hours 41 minutes,Color,Dolby Stereo,1.85 : 1,
Amores Perros,https://www.imdb.com/title/tt0245712/?ref_=chttp_t_241,R,8.1,2000000,5408467,61047,4/1/2001,20908467,2 hours 34 minutes,Color,Dolby Digital,1.85 : 1,
The Iron Giant,https://www.imdb.com/title/tt0129167/?ref_=chttp_t_242,PG,8.1,70000000,23315035,5732614,8/8/1999,23336504,1 hours 26 minutes,,Dolby Digital,2.39 : 1,
Rebecca,https://www.imdb.com/title/tt0032976/?ref_=chttp_t_243,Approved,8.1,1288000,,,,112282,2 hours 10 minutes,Black and White,,1.37 : 1,
Cool Hand Luke,https://www.imdb.com/title/tt0061512/?ref_=chttp_t_244,Approved,8.1,3200000,,,,1767,2 hours 7 minutes,,Mono,2.35 : 1,
The Help,https://www.imdb.com/title/tt1454029/?ref_=chttp_t_245,PG-13,8.1,25000000,169708112,26044590,8/14/2011,221802186,2 hours 26 minutes,Color,Dolby Digital,1.85 : 1,
It Happened One Night,https://www.imdb.com/title/tt0025316/?ref_=chttp_t_246,Approved,8.1,,,,,,,,,,
Drishyam,https://www.imdb.com/title/tt4430212/?ref_=chttp_t_247,Not Rated,8.2,9400000,,,,,2 hours 43 minutes,Color,Dolby Digital,2.35 : 1,
Dances with Wolves,https://www.imdb.com/title/tt0099348/?ref_=chttp_t_248,PG-13,8.0,22000000,184208848,598257,11/11/1990,424208848,3 hours 1 minute,Color,,2.39 : 1,
Aladdin,https://www.imdb.com/title/tt0103639/?ref_=chttp_t_249,G,8.0,28000000,217350219,196664,11/15/1992,504050219,1 hours 30 minutes,Color,Dolby Stereo,1.78 : 1,
Scent of a Woman,https://www.imdb.com/title/tt0105323/?ref_=chttp_t_250,R,8.0,31000000,63095253,357468,12/27/1992,134095253,2 hours 36 minutes,Color,Dolby Stereo,1.85 : 1,
